neighbourhood,year,month,crime_count,population,crime_rate
Arbutus Ridge,2016,1,19,15295,12.422360248447205
Arbutus Ridge,2016,2,11,15295,7.191892775416802
Arbutus Ridge,2016,3,8,15295,5.2304674730304015
Arbutus Ridge,2016,4,9,15295,5.884275907159203
Arbutus Ridge,2016,5,5,15295,3.2690421706440014
Arbutus Ridge,2016,6,9,15295,5.884275907159203
Arbutus Ridge,2016,7,7,15295,4.576659038901602
Arbutus Ridge,2016,8,6,15295,3.9228506047728016
Arbutus Ridge,2016,9,7,15295,4.576659038901602
Arbutus Ridge,2016,10,5,15295,3.2690421706440014
Arbutus Ridge,2016,11,6,15295,3.9228506047728016
Arbutus Ridge,2016,12,7,15295,4.576659038901602
Downtown,2016,1,95,62030,15.315170078994036
Downtown,2016,2,83,62030,13.380622279542157
Downtown,2016,3,99,62030,15.960019345477996
Downtown,2016,4,105,62030,16.927293245203934
Downtown,2016,5,90,62030,14.509108495889087
Downtown,2016,6,92,62030,14.831533129131065
Downtown,2016,7,133,62030,21.44123811059165
Downtown,2016,8,116,62030,18.700628728034822
Downtown,2016,9,104,62030,16.766080928582944
Downtown,2016,10,110,62030,17.733354828308883
Downtown,2016,11,89,62030,14.347896179268096
Downtown,2016,12,83,62030,13.380622279542157
Dunbar-Southlands,2016,1,14,21425,6.534422403733955
Dunbar-Southlands,2016,2,14,21425,6.534422403733955
Dunbar-Southlands,2016,3,8,21425,3.733955659276546
Dunbar-Southlands,2016,4,7,21425,3.2672112018669774
Dunbar-Southlands,2016,5,9,21425,4.200700116686114
Dunbar-Southlands,2016,6,8,21425,3.733955659276546
Dunbar-Southlands,2016,7,9,21425,4.200700116686114
Dunbar-Southlands,2016,8,5,21425,2.3337222870478413
Dunbar-Southlands,2016,9,4,21425,1.866977829638273
Dunbar-Southlands,2016,10,8,21425,3.733955659276546
Dunbar-Southlands,2016,11,11,21425,5.13418903150525
Dunbar-Southlands,2016,12,9,21425,4.200700116686114
Fairview,2016,1,11,33620,3.271861986912552
Fairview,2016,2,23,33620,6.841165972635336
Fairview,2016,3,15,33620,4.46162998215348
Fairview,2016,4,8,33620,2.379535990481856
Fairview,2016,5,14,33620,4.164187983343248
Fairview,2016,6,13,33620,3.866745984533016
Fairview,2016,7,13,33620,3.866745984533016
Fairview,2016,8,14,33620,4.164187983343248
Fairview,2016,9,22,33620,6.543723973825104
Fairview,2016,10,15,33620,4.46162998215348
Fairview,2016,11,20,33620,5.94883997620464
Fairview,2016,12,15,33620,4.46162998215348
Grandview-Woodland,2016,1,32,29175,10.968294772922022
Grandview-Woodland,2016,2,37,29175,12.682090831191088
Grandview-Woodland,2016,3,46,29175,15.766923736075407
Grandview-Woodland,2016,4,28,29175,9.597257926306769
Grandview-Woodland,2016,5,31,29175,10.62553556126821
Grandview-Woodland,2016,6,36,29175,12.339331619537276
Grandview-Woodland,2016,7,25,29175,8.56898029134533
Grandview-Woodland,2016,8,34,29175,11.653813196229649
Grandview-Woodland,2016,9,26,29175,8.911739502999144
Grandview-Woodland,2016,10,33,29175,11.311053984575837
Grandview-Woodland,2016,11,23,29175,7.8834618680377035
Grandview-Woodland,2016,12,22,29175,7.54070265638389
Hastings-Sunrise,2016,1,37,34575,10.701373825018077
Hastings-Sunrise,2016,2,27,34575,7.809110629067246
Hastings-Sunrise,2016,3,30,34575,8.676789587852495
Hastings-Sunrise,2016,4,23,34575,6.652205350686913
Hastings-Sunrise,2016,5,24,34575,6.941431670281996
Hastings-Sunrise,2016,6,25,34575,7.230657989877079
Hastings-Sunrise,2016,7,22,34575,6.362979031091829
Hastings-Sunrise,2016,8,17,34575,4.916847433116414
Hastings-Sunrise,2016,9,17,34575,4.916847433116414
Hastings-Sunrise,2016,10,21,34575,6.073752711496746
Hastings-Sunrise,2016,11,21,34575,6.073752711496746
Hastings-Sunrise,2016,12,25,34575,7.230657989877079
Kensington-Cedar Cottage,2016,1,26,49325,5.27116066903193
Kensington-Cedar Cottage,2016,2,20,49325,4.054738976178409
Kensington-Cedar Cottage,2016,3,34,49325,6.893056259503294
Kensington-Cedar Cottage,2016,4,25,49325,5.06842372022301
Kensington-Cedar Cottage,2016,5,27,49325,5.473897617840851
Kensington-Cedar Cottage,2016,6,32,49325,6.487582361885453
Kensington-Cedar Cottage,2016,7,35,49325,7.095793208312215
Kensington-Cedar Cottage,2016,8,25,49325,5.06842372022301
Kensington-Cedar Cottage,2016,9,28,49325,5.6766345666497715
Kensington-Cedar Cottage,2016,10,27,49325,5.473897617840851
Kensington-Cedar Cottage,2016,11,49,49325,9.9341104916371
Kensington-Cedar Cottage,2016,12,34,49325,6.893056259503294
Kerrisdale,2016,1,14,13975,10.01788908765653
Kerrisdale,2016,2,11,13975,7.8711985688729875
Kerrisdale,2016,3,8,13975,5.724508050089446
Kerrisdale,2016,4,6,13975,4.293381037567084
Kerrisdale,2016,5,4,13975,2.862254025044723
Kerrisdale,2016,6,6,13975,4.293381037567084
Kerrisdale,2016,7,9,13975,6.440071556350626
Kerrisdale,2016,8,22,13975,15.742397137745975
Kerrisdale,2016,9,6,13975,4.293381037567084
Kerrisdale,2016,10,10,13975,7.155635062611807
Kerrisdale,2016,11,16,13975,11.449016100178891
Kerrisdale,2016,12,12,13975,8.586762075134168
Killarney,2016,1,11,29325,3.7510656436487637
Killarney,2016,2,16,29325,5.456095481670929
Killarney,2016,3,10,29325,3.4100596760443307
Killarney,2016,4,16,29325,5.456095481670929
Killarney,2016,5,13,29325,4.43307757885763
Killarney,2016,6,15,29325,5.115089514066495
Killarney,2016,7,15,29325,5.115089514066495
Killarney,2016,8,8,29325,2.7280477408354646
Killarney,2016,9,9,29325,3.069053708439897
Killarney,2016,10,12,29325,4.092071611253197
Killarney,2016,11,21,29325,7.161125319693095
Killarney,2016,12,8,29325,2.7280477408354646
Kitsilano,2016,1,39,43045,9.060285747473573
Kitsilano,2016,2,14,43045,3.252410268323847
Kitsilano,2016,3,35,43045,8.131025670809617
Kitsilano,2016,4,35,43045,8.131025670809617
Kitsilano,2016,5,24,43045,5.575560459983738
Kitsilano,2016,6,21,43045,4.878615402485771
Kitsilano,2016,7,24,43045,5.575560459983738
Kitsilano,2016,8,34,43045,7.898710651643629
Kitsilano,2016,9,29,43045,6.7371355558136825
Kitsilano,2016,10,19,43045,4.413985364153793
Kitsilano,2016,11,19,43045,4.413985364153793
Kitsilano,2016,12,21,43045,4.878615402485771
Marpole,2016,1,21,24460,8.585445625511039
Marpole,2016,2,26,24460,10.62959934587081
Marpole,2016,3,15,24460,6.132461161079314
Marpole,2016,4,17,24460,6.950122649223222
Marpole,2016,5,15,24460,6.132461161079314
Marpole,2016,6,12,24460,4.905968928863451
Marpole,2016,7,11,24460,4.497138184791496
Marpole,2016,8,23,24460,9.403107113654947
Marpole,2016,9,19,24460,7.76778413736713
Marpole,2016,10,17,24460,6.950122649223222
Marpole,2016,11,21,24460,8.585445625511039
Marpole,2016,12,20,24460,8.176614881439084
Mount Pleasant,2016,1,27,32955,8.192990441511151
Mount Pleasant,2016,2,20,32955,6.068881808526779
Mount Pleasant,2016,3,16,32955,4.855105446821423
Mount Pleasant,2016,4,14,32955,4.248217265968745
Mount Pleasant,2016,5,29,32955,8.79987862236383
Mount Pleasant,2016,6,14,32955,4.248217265968745
Mount Pleasant,2016,7,22,32955,6.675769989379457
Mount Pleasant,2016,8,22,32955,6.675769989379457
Mount Pleasant,2016,9,23,32955,6.979214079805796
Mount Pleasant,2016,10,25,32955,7.586102260658474
Mount Pleasant,2016,11,23,32955,6.979214079805796
Mount Pleasant,2016,12,17,32955,5.158549537247762
Oakridge,2016,1,19,13030,14.581734458940906
Oakridge,2016,2,28,13030,21.4888718342287
Oakridge,2016,3,17,13030,13.046815042210284
Oakridge,2016,4,16,13030,12.279355333844972
Oakridge,2016,5,17,13030,13.046815042210284
Oakridge,2016,6,11,13030,8.44205679201842
Oakridge,2016,7,8,13030,6.139677666922486
Oakridge,2016,8,12,13030,9.20951650038373
Oakridge,2016,9,6,13030,4.604758250191865
Oakridge,2016,10,15,13030,11.511895625479662
Oakridge,2016,11,7,13030,5.372217958557175
Oakridge,2016,12,14,13030,10.74443591711435
Renfrew-Collingwood,2016,1,51,51530,9.897147292839124
Renfrew-Collingwood,2016,2,41,51530,7.956530176596157
Renfrew-Collingwood,2016,3,28,51530,5.433727925480303
Renfrew-Collingwood,2016,4,26,51530,5.0456045022317095
Renfrew-Collingwood,2016,5,31,51530,6.015913060353192
Renfrew-Collingwood,2016,6,18,51530,3.4931108092373373
Renfrew-Collingwood,2016,7,26,51530,5.0456045022317095
Renfrew-Collingwood,2016,8,29,51530,5.627789637104599
Renfrew-Collingwood,2016,9,37,51530,7.1802833300989715
Renfrew-Collingwood,2016,10,25,51530,4.851542790607414
Renfrew-Collingwood,2016,11,41,51530,7.956530176596157
Renfrew-Collingwood,2016,12,21,51530,4.075295944110227
Riley Park,2016,1,26,22555,11.527377521613833
Riley Park,2016,2,28,22555,12.414098869430282
Riley Park,2016,3,28,22555,12.414098869430282
Riley Park,2016,4,15,22555,6.650410108623365
Riley Park,2016,5,13,22555,5.763688760806916
Riley Park,2016,6,12,22555,5.320328086898692
Riley Park,2016,7,17,22555,7.537131456439814
Riley Park,2016,8,26,22555,11.527377521613833
Riley Park,2016,9,30,22555,13.30082021724673
Riley Park,2016,10,18,22555,7.980492130348038
Riley Park,2016,11,17,22555,7.537131456439814
Riley Park,2016,12,11,22555,4.876967412990467
Shaughnessy,2016,1,21,8430,24.91103202846975
Shaughnessy,2016,2,9,8430,10.676156583629894
Shaughnessy,2016,3,13,8430,15.421115065243178
Shaughnessy,2016,4,9,8430,10.676156583629894
Shaughnessy,2016,5,13,8430,15.421115065243178
Shaughnessy,2016,6,14,8430,16.6073546856465
Shaughnessy,2016,7,12,8430,14.234875444839858
Shaughnessy,2016,8,12,8430,14.234875444839858
Shaughnessy,2016,9,6,8430,7.117437722419929
Shaughnessy,2016,10,9,8430,10.676156583629894
Shaughnessy,2016,11,17,8430,20.166073546856463
Shaughnessy,2016,12,15,8430,17.793594306049823
South Cambie,2016,1,1,7970,1.2547051442910915
South Cambie,2016,2,4,7970,5.018820577164366
South Cambie,2016,3,5,7970,6.273525721455457
South Cambie,2016,4,5,7970,6.273525721455457
South Cambie,2016,5,5,7970,6.273525721455457
South Cambie,2016,6,6,7970,7.52823086574655
South Cambie,2016,7,12,7970,15.0564617314931
South Cambie,2016,8,6,7970,7.52823086574655
South Cambie,2016,9,7,7970,8.782936010037641
South Cambie,2016,10,10,7970,12.547051442910915
South Cambie,2016,11,9,7970,11.292346298619824
South Cambie,2016,12,6,7970,7.52823086574655
Strathcona,2016,1,65,12585,51.64878823996822
Strathcona,2016,2,40,12585,31.783869686134288
Strathcona,2016,3,47,12585,37.34604688120778
Strathcona,2016,4,44,12585,34.96225665474772
Strathcona,2016,5,46,12585,36.55145013905443
Strathcona,2016,6,41,12585,32.57846642828765
Strathcona,2016,7,56,12585,44.497417560588
Strathcona,2016,8,57,12585,45.29201430274136
Strathcona,2016,9,46,12585,36.55145013905443
Strathcona,2016,10,48,12585,38.14064362336114
Strathcona,2016,11,43,12585,34.16765991259436
Strathcona,2016,12,28,12585,22.248708780294
Sunset,2016,1,25,36500,6.8493150684931505
Sunset,2016,2,15,36500,4.109589041095891
Sunset,2016,3,15,36500,4.109589041095891
Sunset,2016,4,15,36500,4.109589041095891
Sunset,2016,5,13,36500,3.5616438356164384
Sunset,2016,6,20,36500,5.47945205479452
Sunset,2016,7,21,36500,5.7534246575342465
Sunset,2016,8,32,36500,8.767123287671232
Sunset,2016,9,10,36500,2.73972602739726
Sunset,2016,10,14,36500,3.835616438356164
Sunset,2016,11,16,36500,4.383561643835616
Sunset,2016,12,25,36500,6.8493150684931505
Victoria-Fraserview,2016,1,11,31065,3.5409624979880894
Victoria-Fraserview,2016,2,11,31065,3.5409624979880894
Victoria-Fraserview,2016,3,13,31065,4.184773861258651
Victoria-Fraserview,2016,4,13,31065,4.184773861258651
Victoria-Fraserview,2016,5,5,31065,1.6095284081764043
Victoria-Fraserview,2016,6,13,31065,4.184773861258651
Victoria-Fraserview,2016,7,20,31065,6.438113632705617
Victoria-Fraserview,2016,8,15,31065,4.8285852245292125
Victoria-Fraserview,2016,9,20,31065,6.438113632705617
Victoria-Fraserview,2016,10,19,31065,6.116207951070336
Victoria-Fraserview,2016,11,17,31065,5.472396587799774
Victoria-Fraserview,2016,12,13,31065,4.184773861258651
West End,2016,1,52,47200,11.016949152542372
West End,2016,2,28,47200,5.932203389830508
West End,2016,3,29,47200,6.1440677966101696
West End,2016,4,37,47200,7.838983050847458
West End,2016,5,35,47200,7.415254237288136
West End,2016,6,34,47200,7.203389830508475
West End,2016,7,36,47200,7.627118644067797
West End,2016,8,54,47200,11.440677966101694
West End,2016,9,29,47200,6.1440677966101696
West End,2016,10,44,47200,9.322033898305085
West End,2016,11,29,47200,6.1440677966101696
West End,2016,12,33,47200,6.991525423728814
West Point Grey,2016,1,8,13065,6.123230003827019
West Point Grey,2016,2,4,13065,3.0616150019135095
West Point Grey,2016,3,6,13065,4.592422502870264
West Point Grey,2016,4,10,13065,7.654037504783774
West Point Grey,2016,5,10,13065,7.654037504783774
West Point Grey,2016,6,10,13065,7.654037504783774
West Point Grey,2016,7,11,13065,8.41944125526215
West Point Grey,2016,8,7,13065,5.357826253348641
West Point Grey,2016,9,5,13065,3.827018752391887
West Point Grey,2016,10,8,13065,6.123230003827019
West Point Grey,2016,11,8,13065,6.123230003827019
West Point Grey,2016,12,9,13065,6.8886337543053955
Arbutus Ridge,2017,1,5,15174,3.2951100566758926
Arbutus Ridge,2017,2,12,15174,7.908264136022144
Arbutus Ridge,2017,3,10,15174,6.590220113351785
Arbutus Ridge,2017,4,7,15174,4.61315407934625
Arbutus Ridge,2017,5,6,15174,3.954132068011072
Arbutus Ridge,2017,6,5,15174,3.2951100566758926
Arbutus Ridge,2017,7,15,15174,9.885330170027679
Arbutus Ridge,2017,8,7,15174,4.61315407934625
Arbutus Ridge,2017,9,4,15174,2.6360880453407143
Arbutus Ridge,2017,10,9,15174,5.931198102016608
Arbutus Ridge,2017,11,4,15174,2.6360880453407143
Arbutus Ridge,2017,12,8,15174,5.272176090681429
Downtown,2017,1,80,63612,12.576243476073698
Downtown,2017,2,79,63612,12.419040432622776
Downtown,2017,3,89,63612,13.991070867131988
Downtown,2017,4,103,63612,16.191913475444885
Downtown,2017,5,103,63612,16.191913475444885
Downtown,2017,6,96,63612,15.091492171288435
Downtown,2017,7,89,63612,13.991070867131988
Downtown,2017,8,107,63612,16.82072564924857
Downtown,2017,9,112,63612,17.606740866503177
Downtown,2017,10,89,63612,13.991070867131988
Downtown,2017,11,91,63612,14.30547695403383
Downtown,2017,12,106,63612,16.66352260579765
Dunbar-Southlands,2017,1,9,21361,4.21328589485511
Dunbar-Southlands,2017,2,10,21361,4.681428772061233
Dunbar-Southlands,2017,3,15,21361,7.02214315809185
Dunbar-Southlands,2017,4,12,21361,5.617714526473479
Dunbar-Southlands,2017,5,9,21361,4.21328589485511
Dunbar-Southlands,2017,6,7,21361,3.277000140442863
Dunbar-Southlands,2017,7,10,21361,4.681428772061233
Dunbar-Southlands,2017,8,11,21361,5.149571649267356
Dunbar-Southlands,2017,9,12,21361,5.617714526473479
Dunbar-Southlands,2017,10,11,21361,5.149571649267356
Dunbar-Southlands,2017,11,8,21361,3.7451430176489864
Dunbar-Southlands,2017,12,10,21361,4.681428772061233
Fairview,2017,1,13,34072,3.815449636064804
Fairview,2017,2,12,34072,3.521953510213665
Fairview,2017,3,14,34072,4.108945761915942
Fairview,2017,4,8,34072,2.34796900680911
Fairview,2017,5,10,34072,2.934961258511388
Fairview,2017,6,15,34072,4.402441887767082
Fairview,2017,7,9,34072,2.6414651326602487
Fairview,2017,8,15,34072,4.402441887767082
Fairview,2017,9,14,34072,4.108945761915942
Fairview,2017,10,14,34072,4.108945761915942
Fairview,2017,11,13,34072,3.815449636064804
Fairview,2017,12,9,34072,2.6414651326602487
Grandview-Woodland,2017,1,27,29564,9.132728994723312
Grandview-Woodland,2017,2,29,29564,9.80922743877689
Grandview-Woodland,2017,3,31,29564,10.485725882830469
Grandview-Woodland,2017,4,33,29564,11.162224326884049
Grandview-Woodland,2017,5,26,29564,8.794479772696523
Grandview-Woodland,2017,6,31,29564,10.485725882830469
Grandview-Woodland,2017,7,24,29564,8.117981328642944
Grandview-Woodland,2017,8,28,29564,9.470978216750101
Grandview-Woodland,2017,9,36,29564,12.176971992964415
Grandview-Woodland,2017,10,31,29564,10.485725882830469
Grandview-Woodland,2017,11,32,29564,10.823975104857258
Grandview-Woodland,2017,12,33,29564,11.162224326884049
Hastings-Sunrise,2017,1,18,34693,5.188366529271035
Hastings-Sunrise,2017,2,18,34693,5.188366529271035
Hastings-Sunrise,2017,3,19,34693,5.476609114230536
Hastings-Sunrise,2017,4,27,34693,7.7825497939065515
Hastings-Sunrise,2017,5,15,34693,4.323638774392529
Hastings-Sunrise,2017,6,23,34693,6.629579454068544
Hastings-Sunrise,2017,7,31,34693,8.93552013374456
Hastings-Sunrise,2017,8,11,34693,3.170668434554521
Hastings-Sunrise,2017,9,10,34693,2.8824258495950192
Hastings-Sunrise,2017,10,19,34693,5.476609114230536
Hastings-Sunrise,2017,11,18,34693,5.188366529271035
Hastings-Sunrise,2017,12,22,34693,6.341336869109042
Kensington-Cedar Cottage,2017,1,26,49704,5.230967326573314
Kensington-Cedar Cottage,2017,2,21,49704,4.225012071463061
Kensington-Cedar Cottage,2017,3,25,49704,5.029776275551264
Kensington-Cedar Cottage,2017,4,22,49704,4.426203122485112
Kensington-Cedar Cottage,2017,5,25,49704,5.029776275551264
Kensington-Cedar Cottage,2017,6,28,49704,5.633349428617415
Kensington-Cedar Cottage,2017,7,22,49704,4.426203122485112
Kensington-Cedar Cottage,2017,8,20,49704,4.023821020441011
Kensington-Cedar Cottage,2017,9,15,49704,3.017865765330758
Kensington-Cedar Cottage,2017,10,25,49704,5.029776275551264
Kensington-Cedar Cottage,2017,11,33,49704,6.6393046837276675
Kensington-Cedar Cottage,2017,12,19,49704,3.8226299694189603
Kerrisdale,2017,1,9,13827,6.509004122369278
Kerrisdale,2017,2,9,13827,6.509004122369278
Kerrisdale,2017,3,15,13827,10.848340203948796
Kerrisdale,2017,4,9,13827,6.509004122369278
Kerrisdale,2017,5,7,13827,5.062558761842771
Kerrisdale,2017,6,13,13827,9.40189484342229
Kerrisdale,2017,7,14,13827,10.125117523685542
Kerrisdale,2017,8,12,13827,8.678672163159037
Kerrisdale,2017,9,11,13827,7.955449482895784
Kerrisdale,2017,10,3,13827,2.1696680407897593
Kerrisdale,2017,11,18,13827,13.018008244738557
Kerrisdale,2017,12,6,13827,4.3393360815795186
Killarney,2017,1,16,29503,5.423177304002983
Killarney,2017,2,10,29503,3.3894858150018643
Killarney,2017,3,9,29503,3.050537233501678
Killarney,2017,4,14,29503,4.74528014100261
Killarney,2017,5,10,29503,3.3894858150018643
Killarney,2017,6,13,29503,4.406331559502424
Killarney,2017,7,11,29503,3.7284343965020508
Killarney,2017,8,11,29503,3.7284343965020508
Killarney,2017,9,6,29503,2.0336914890011184
Killarney,2017,10,8,29503,2.7115886520014914
Killarney,2017,11,12,29503,4.067382978002237
Killarney,2017,12,10,29503,3.3894858150018643
Kitsilano,2017,1,14,43387,3.2267729965196947
Kitsilano,2017,2,9,43387,2.0743540691912323
Kitsilano,2017,3,21,43387,4.8401594947795425
Kitsilano,2017,4,24,43387,5.5316108511766195
Kitsilano,2017,5,28,43387,6.4535459930393895
Kitsilano,2017,6,16,43387,3.68774056745108
Kitsilano,2017,7,27,43387,6.223062207573697
Kitsilano,2017,8,23,43387,5.3011270657109275
Kitsilano,2017,9,21,43387,4.8401594947795425
Kitsilano,2017,10,6,43387,1.3829027127941549
Kitsilano,2017,11,18,43387,4.148708138382465
Kitsilano,2017,12,15,43387,3.457256781985387
Marpole,2017,1,17,24586,6.914504189376068
Marpole,2017,2,9,24586,3.6606198649638007
Marpole,2017,3,8,24586,3.2538843244122675
Marpole,2017,4,18,24586,7.321239729927601
Marpole,2017,5,12,24586,4.880826486618401
Marpole,2017,6,12,24586,4.880826486618401
Marpole,2017,7,8,24586,3.2538843244122675
Marpole,2017,8,18,24586,7.321239729927601
Marpole,2017,9,8,24586,3.2538843244122675
Marpole,2017,10,16,24586,6.507768648824535
Marpole,2017,11,18,24586,7.321239729927601
Marpole,2017,12,11,24586,4.474090946066868
Mount Pleasant,2017,1,22,34449,6.386252140845888
Mount Pleasant,2017,2,14,34449,4.063978635083747
Mount Pleasant,2017,3,21,34449,6.095967952625621
Mount Pleasant,2017,4,25,34449,7.257104705506691
Mount Pleasant,2017,5,26,34449,7.547388893726959
Mount Pleasant,2017,6,18,34449,5.225115387964817
Mount Pleasant,2017,7,18,34449,5.225115387964817
Mount Pleasant,2017,8,27,34449,7.8376730819472264
Mount Pleasant,2017,9,21,34449,6.095967952625621
Mount Pleasant,2017,10,28,34449,8.127957270167494
Mount Pleasant,2017,11,19,34449,5.515399576185086
Mount Pleasant,2017,12,22,34449,6.386252140845888
Oakridge,2017,1,11,13151,8.364382936658808
Oakridge,2017,2,14,13151,10.645578283020303
Oakridge,2017,3,20,13151,15.20796897574329
Oakridge,2017,4,19,13151,14.447570526956126
Oakridge,2017,5,9,13151,6.84358603908448
Oakridge,2017,6,10,13151,7.603984487871645
Oakridge,2017,7,22,13151,16.728765873317617
Oakridge,2017,8,15,13151,11.405976731807467
Oakridge,2017,9,13,13151,9.885179834233139
Oakridge,2017,10,12,13151,9.124781385445973
Oakridge,2017,11,17,13151,12.926773629381795
Oakridge,2017,12,12,13151,9.124781385445973
Renfrew-Collingwood,2017,1,19,51737,3.672420124862284
Renfrew-Collingwood,2017,2,22,51737,4.252275934051066
Renfrew-Collingwood,2017,3,19,51737,3.672420124862284
Renfrew-Collingwood,2017,4,20,51737,3.865705394591878
Renfrew-Collingwood,2017,5,22,51737,4.252275934051066
Renfrew-Collingwood,2017,6,14,51737,2.7059937762143145
Renfrew-Collingwood,2017,7,27,51737,5.218702282699035
Renfrew-Collingwood,2017,8,23,51737,4.4455612037806596
Renfrew-Collingwood,2017,9,31,51737,5.991843361617411
Renfrew-Collingwood,2017,10,22,51737,4.252275934051066
Renfrew-Collingwood,2017,11,22,51737,4.252275934051066
Renfrew-Collingwood,2017,12,24,51737,4.638846473510254
Riley Park,2017,1,18,22710,7.926023778071334
Riley Park,2017,2,8,22710,3.522677234698371
Riley Park,2017,3,15,22710,6.605019815059445
Riley Park,2017,4,17,22710,7.485689123734037
Riley Park,2017,5,18,22710,7.926023778071334
Riley Park,2017,6,9,22710,3.963011889035667
Riley Park,2017,7,16,22710,7.045354469396742
Riley Park,2017,8,16,22710,7.045354469396742
Riley Park,2017,9,25,22710,11.00836635843241
Riley Park,2017,10,13,22710,5.724350506384852
Riley Park,2017,11,21,22710,9.247027741083224
Riley Park,2017,12,12,22710,5.284015852047556
Shaughnessy,2017,1,13,8356,15.557683101962661
Shaughnessy,2017,2,5,8356,5.983724269985639
Shaughnessy,2017,3,17,8356,20.34466251795117
Shaughnessy,2017,4,10,8356,11.967448539971278
Shaughnessy,2017,5,19,8356,22.738152225945427
Shaughnessy,2017,6,24,8356,28.721876495931067
Shaughnessy,2017,7,18,8356,21.5414073719483
Shaughnessy,2017,8,19,8356,22.738152225945427
Shaughnessy,2017,9,10,8356,11.967448539971278
Shaughnessy,2017,10,6,8356,7.180469123982767
Shaughnessy,2017,11,13,8356,15.557683101962661
Shaughnessy,2017,12,9,8356,10.77070368597415
South Cambie,2017,1,5,8030,6.226650062266501
South Cambie,2017,2,7,8030,8.717310087173102
South Cambie,2017,3,10,8030,12.453300124533001
South Cambie,2017,4,7,8030,8.717310087173102
South Cambie,2017,5,8,8030,9.9626400996264
South Cambie,2017,6,5,8030,6.226650062266501
South Cambie,2017,7,7,8030,8.717310087173102
South Cambie,2017,8,5,8030,6.226650062266501
South Cambie,2017,9,9,8030,11.207970112079702
South Cambie,2017,10,6,8030,7.471980074719801
South Cambie,2017,11,4,8030,4.9813200498132
South Cambie,2017,12,4,8030,4.9813200498132
Strathcona,2017,1,39,12670,30.781373322809788
Strathcona,2017,2,42,12670,33.149171270718234
Strathcona,2017,3,35,12670,27.624309392265193
Strathcona,2017,4,38,12670,29.99210734017364
Strathcona,2017,5,52,12670,41.041831097079715
Strathcona,2017,6,55,12670,43.409629044988165
Strathcona,2017,7,61,12670,48.14522494080505
Strathcona,2017,8,64,12670,50.51302288871349
Strathcona,2017,9,55,12670,43.409629044988165
Strathcona,2017,10,56,12670,44.19889502762431
Strathcona,2017,11,70,12670,55.248618784530386
Strathcona,2017,12,53,12670,41.83109707971587
Sunset,2017,1,16,36543,4.378403524614837
Sunset,2017,2,13,36543,3.557452863749555
Sunset,2017,3,17,36543,4.652053744903265
Sunset,2017,4,16,36543,4.378403524614837
Sunset,2017,5,21,36543,5.746654626056974
Sunset,2017,6,14,36543,3.8311030840379825
Sunset,2017,7,18,36543,4.925703965191691
Sunset,2017,8,10,36543,2.736502202884273
Sunset,2017,9,14,36543,3.8311030840379825
Sunset,2017,10,8,36543,2.1892017623074187
Sunset,2017,11,11,36543,3.0101524231727006
Sunset,2017,12,18,36543,4.925703965191691
Victoria-Fraserview,2017,1,14,31136,4.496402877697842
Victoria-Fraserview,2017,2,9,31136,2.8905447070914696
Victoria-Fraserview,2017,3,8,31136,2.5693730729701953
Victoria-Fraserview,2017,4,14,31136,4.496402877697842
Victoria-Fraserview,2017,5,15,31136,4.8175745118191164
Victoria-Fraserview,2017,6,8,31136,2.5693730729701953
Victoria-Fraserview,2017,7,12,31136,3.854059609455293
Victoria-Fraserview,2017,8,4,31136,1.2846865364850977
Victoria-Fraserview,2017,9,13,31136,4.175231243576567
Victoria-Fraserview,2017,10,8,31136,2.5693730729701953
Victoria-Fraserview,2017,11,13,31136,4.175231243576567
Victoria-Fraserview,2017,12,11,31136,3.5328879753340185
West End,2017,1,42,47750,8.795811518324607
West End,2017,2,27,47750,5.654450261780104
West End,2017,3,37,47750,7.7486910994764395
West End,2017,4,30,47750,6.282722513089005
West End,2017,5,43,47750,9.00523560209424
West End,2017,6,30,47750,6.282722513089005
West End,2017,7,51,47750,10.680628272251308
West End,2017,8,48,47750,10.05235602094241
West End,2017,9,48,47750,10.05235602094241
West End,2017,10,37,47750,7.7486910994764395
West End,2017,11,42,47750,8.795811518324607
West End,2017,12,35,47750,7.329842931937172
West Point Grey,2017,1,11,13119,8.384785425718425
West Point Grey,2017,2,10,13119,7.622532205198567
West Point Grey,2017,3,11,13119,8.384785425718425
West Point Grey,2017,4,9,13119,6.86027898467871
West Point Grey,2017,5,9,13119,6.86027898467871
West Point Grey,2017,6,5,13119,3.8112661025992836
West Point Grey,2017,7,12,13119,9.147038646238281
West Point Grey,2017,8,2,13119,1.5245064410397136
West Point Grey,2017,9,8,13119,6.098025764158854
West Point Grey,2017,10,5,13119,3.8112661025992836
West Point Grey,2017,11,8,13119,6.098025764158854
West Point Grey,2017,12,8,13119,6.098025764158854
Arbutus Ridge,2018,1,4,15055,2.656924609764198
Arbutus Ridge,2018,2,9,15055,5.978080371969446
Arbutus Ridge,2018,3,2,15055,1.328462304882099
Arbutus Ridge,2018,4,5,15055,3.3211557622052474
Arbutus Ridge,2018,5,12,15055,7.970773829292593
Arbutus Ridge,2018,6,10,15055,6.642311524410495
Arbutus Ridge,2018,7,2,15055,1.328462304882099
Arbutus Ridge,2018,8,2,15055,1.328462304882099
Arbutus Ridge,2018,9,10,15055,6.642311524410495
Arbutus Ridge,2018,10,13,15055,8.635004981733644
Arbutus Ridge,2018,11,9,15055,5.978080371969446
Arbutus Ridge,2018,12,9,15055,5.978080371969446
Downtown,2018,1,105,65234,16.09590091056811
Downtown,2018,2,84,65234,12.876720728454488
Downtown,2018,3,106,65234,16.24919520495447
Downtown,2018,4,88,65234,13.489897905999937
Downtown,2018,5,67,65234,10.270717723886316
Downtown,2018,6,93,65234,14.256369377931753
Downtown,2018,7,90,65234,13.796486494772665
Downtown,2018,8,95,65234,14.562957966704479
Downtown,2018,9,122,65234,18.701903915136278
Downtown,2018,10,83,65234,12.723426434068124
Downtown,2018,11,108,65234,16.555783793727198
Downtown,2018,12,120,65234,18.39531532636355
Dunbar-Southlands,2018,1,13,21298,6.103859517325571
Dunbar-Southlands,2018,2,5,21298,2.3476382758944503
Dunbar-Southlands,2018,3,6,21298,2.8171659310733403
Dunbar-Southlands,2018,4,12,21298,5.634331862146681
Dunbar-Southlands,2018,5,10,21298,4.695276551788901
Dunbar-Southlands,2018,6,15,21298,7.042914827683351
Dunbar-Southlands,2018,7,14,21298,6.57338717250446
Dunbar-Southlands,2018,8,8,21298,3.75622124143112
Dunbar-Southlands,2018,9,10,21298,4.695276551788901
Dunbar-Southlands,2018,10,7,21298,3.28669358625223
Dunbar-Southlands,2018,11,16,21298,7.51244248286224
Dunbar-Southlands,2018,12,12,21298,5.634331862146681
Fairview,2018,1,12,34531,3.47513828154412
Fairview,2018,2,9,34531,2.6063537111580897
Fairview,2018,3,15,34531,4.34392285193015
Fairview,2018,4,9,34531,2.6063537111580897
Fairview,2018,5,13,34531,3.764733138339463
Fairview,2018,6,21,34531,6.08149199270221
Fairview,2018,7,4,34531,1.1583794271813732
Fairview,2018,8,13,34531,3.764733138339463
Fairview,2018,9,12,34531,3.47513828154412
Fairview,2018,10,14,34531,4.054327995134806
Fairview,2018,11,10,34531,2.8959485679534334
Fairview,2018,12,13,34531,3.764733138339463
Grandview-Woodland,2018,1,37,29958,12.350624207223447
Grandview-Woodland,2018,2,28,29958,9.346418318979905
Grandview-Woodland,2018,3,38,29958,12.68442486147273
Grandview-Woodland,2018,4,41,29958,13.685826824220575
Grandview-Woodland,2018,5,25,29958,8.345016356232058
Grandview-Woodland,2018,6,30,29958,10.01401962747847
Grandview-Woodland,2018,7,31,29958,10.347820281727753
Grandview-Woodland,2018,8,22,29958,7.343614393484211
Grandview-Woodland,2018,9,39,29958,13.018225515722012
Grandview-Woodland,2018,10,26,29958,8.67881701048134
Grandview-Woodland,2018,11,27,29958,9.012617664730623
Grandview-Woodland,2018,12,32,29958,10.681620935977035
Hastings-Sunrise,2018,1,20,34811,5.745310390393841
Hastings-Sunrise,2018,2,20,34811,5.745310390393841
Hastings-Sunrise,2018,3,20,34811,5.745310390393841
Hastings-Sunrise,2018,4,13,34811,3.7344517537559967
Hastings-Sunrise,2018,5,26,34811,7.468903507511993
Hastings-Sunrise,2018,6,20,34811,5.745310390393841
Hastings-Sunrise,2018,7,26,34811,7.468903507511993
Hastings-Sunrise,2018,8,14,34811,4.021717273275689
Hastings-Sunrise,2018,9,12,34811,3.447186234236305
Hastings-Sunrise,2018,10,10,34811,2.8726551951969204
Hastings-Sunrise,2018,11,19,34811,5.458044870874149
Hastings-Sunrise,2018,12,14,34811,4.021717273275689
Kensington-Cedar Cottage,2018,1,22,50087,4.392357298300956
Kensington-Cedar Cottage,2018,2,25,50087,4.9913151117056325
Kensington-Cedar Cottage,2018,3,24,50087,4.791662507237407
Kensington-Cedar Cottage,2018,4,24,50087,4.791662507237407
Kensington-Cedar Cottage,2018,5,27,50087,5.390620320642083
Kensington-Cedar Cottage,2018,6,19,50087,3.7933994848962804
Kensington-Cedar Cottage,2018,7,23,50087,4.592009902769182
Kensington-Cedar Cottage,2018,8,23,50087,4.592009902769182
Kensington-Cedar Cottage,2018,9,20,50087,3.9930520893645056
Kensington-Cedar Cottage,2018,10,15,50087,2.994789067023379
Kensington-Cedar Cottage,2018,11,19,50087,3.7933994848962804
Kensington-Cedar Cottage,2018,12,14,50087,2.795136462555154
Kerrisdale,2018,1,12,13682,8.7706475661453
Kerrisdale,2018,2,13,13682,9.501534863324075
Kerrisdale,2018,3,11,13682,8.039760268966525
Kerrisdale,2018,4,6,13682,4.38532378307265
Kerrisdale,2018,5,11,13682,8.039760268966525
Kerrisdale,2018,6,9,13682,6.577985674608975
Kerrisdale,2018,7,7,13682,5.116211080251425
Kerrisdale,2018,8,6,13682,4.38532378307265
Kerrisdale,2018,9,7,13682,5.116211080251425
Kerrisdale,2018,10,20,13682,14.6177459435755
Kerrisdale,2018,11,6,13682,4.38532378307265
Kerrisdale,2018,12,15,13682,10.963309457681625
Killarney,2018,1,11,29682,3.705949733845428
Killarney,2018,2,8,29682,2.6952361700694025
Killarney,2018,3,9,29682,3.0321406913280775
Killarney,2018,4,12,29682,4.042854255104103
Killarney,2018,5,16,29682,5.390472340138805
Killarney,2018,6,8,29682,2.6952361700694025
Killarney,2018,7,6,29682,2.0214271275520517
Killarney,2018,8,7,29682,2.358331648810727
Killarney,2018,9,11,29682,3.705949733845428
Killarney,2018,10,15,29682,5.05356781888013
Killarney,2018,11,7,29682,2.358331648810727
Killarney,2018,12,6,29682,2.0214271275520517
Kitsilano,2018,1,28,43731,6.40278063616199
Kitsilano,2018,2,17,43731,3.887402529098351
Kitsilano,2018,3,22,43731,5.030756214127278
Kitsilano,2018,4,19,43731,4.3447440031099225
Kitsilano,2018,5,21,43731,4.8020854771214925
Kitsilano,2018,6,19,43731,4.3447440031099225
Kitsilano,2018,7,22,43731,5.030756214127278
Kitsilano,2018,8,24,43731,5.488097688138849
Kitsilano,2018,9,16,43731,3.658731792092566
Kitsilano,2018,10,20,43731,4.573414740115707
Kitsilano,2018,11,15,43731,3.4300610550867807
Kitsilano,2018,12,18,43731,4.116073266104136
Marpole,2018,1,33,24714,13.35275552318524
Marpole,2018,2,9,24714,3.641660597232338
Marpole,2018,3,16,24714,6.474063283968601
Marpole,2018,4,20,24714,8.092579104960752
Marpole,2018,5,12,24714,4.855547462976451
Marpole,2018,6,10,24714,4.046289552480376
Marpole,2018,7,7,24714,2.832402686736263
Marpole,2018,8,16,24714,6.474063283968601
Marpole,2018,9,10,24714,4.046289552480376
Marpole,2018,10,14,24714,5.664805373472526
Marpole,2018,11,12,24714,4.855547462976451
Marpole,2018,12,23,24714,9.306465970704863
Mount Pleasant,2018,1,26,36012,7.21981561701655
Mount Pleasant,2018,2,29,36012,8.052871265133843
Mount Pleasant,2018,3,25,36012,6.942130400977452
Mount Pleasant,2018,4,25,36012,6.942130400977452
Mount Pleasant,2018,5,32,36012,8.885926913251138
Mount Pleasant,2018,6,28,36012,7.775186049094747
Mount Pleasant,2018,7,23,36012,6.386759968899256
Mount Pleasant,2018,8,25,36012,6.942130400977452
Mount Pleasant,2018,9,17,36012,4.720648672664667
Mount Pleasant,2018,10,24,36012,6.664445184938354
Mount Pleasant,2018,11,15,36012,4.1652782405864714
Mount Pleasant,2018,12,18,36012,4.998333888703765
Oakridge,2018,1,18,13273,13.561365177427861
Oakridge,2018,2,10,13273,7.5340917652377
Oakridge,2018,3,13,13273,9.79431929480901
Oakridge,2018,4,12,13273,9.04091011828524
Oakridge,2018,5,11,13273,8.28750094176147
Oakridge,2018,6,16,13273,12.054546824380322
Oakridge,2018,7,9,13273,6.780682588713931
Oakridge,2018,8,9,13273,6.780682588713931
Oakridge,2018,9,11,13273,8.28750094176147
Oakridge,2018,10,14,13273,10.54772847133278
Oakridge,2018,11,9,13273,6.780682588713931
Oakridge,2018,12,19,13273,14.31477435395163
Renfrew-Collingwood,2018,1,27,51945,5.1978053710655505
Renfrew-Collingwood,2018,2,16,51945,3.0801809606314374
Renfrew-Collingwood,2018,3,28,51945,5.390316681105015
Renfrew-Collingwood,2018,4,21,51945,4.042737510828761
Renfrew-Collingwood,2018,5,21,51945,4.042737510828761
Renfrew-Collingwood,2018,6,25,51945,4.81278275098662
Renfrew-Collingwood,2018,7,30,51945,5.775339301183945
Renfrew-Collingwood,2018,8,29,51945,5.58282799114448
Renfrew-Collingwood,2018,9,30,51945,5.775339301183945
Renfrew-Collingwood,2018,10,26,51945,5.005294061026086
Renfrew-Collingwood,2018,11,22,51945,4.235248820868226
Renfrew-Collingwood,2018,12,20,51945,3.850226200789296
Riley Park,2018,1,19,22866,8.309280153940348
Riley Park,2018,2,16,22866,6.9972885506866085
Riley Park,2018,3,7,22866,3.0613137409253914
Riley Park,2018,4,16,22866,6.9972885506866085
Riley Park,2018,5,13,22866,5.68529694743287
Riley Park,2018,6,11,22866,4.810635878597044
Riley Park,2018,7,13,22866,5.68529694743287
Riley Park,2018,8,9,22866,3.9359748097612175
Riley Park,2018,9,12,22866,5.247966413014956
Riley Park,2018,10,14,22866,6.122627481850783
Riley Park,2018,11,21,22866,9.183941222776173
Riley Park,2018,12,14,22866,6.122627481850783
Shaughnessy,2018,1,14,8284,16.900048285852243
Shaughnessy,2018,2,10,8284,12.071463061323032
Shaughnessy,2018,3,12,8284,14.485755673587638
Shaughnessy,2018,4,12,8284,14.485755673587638
Shaughnessy,2018,5,17,8284,20.521487204249155
Shaughnessy,2018,6,24,8284,28.971511347175277
Shaughnessy,2018,7,13,8284,15.692901979719942
Shaughnessy,2018,8,9,8284,10.864316755190728
Shaughnessy,2018,9,5,8284,6.035731530661516
Shaughnessy,2018,10,10,8284,12.071463061323032
Shaughnessy,2018,11,4,8284,4.8285852245292125
Shaughnessy,2018,12,11,8284,13.278609367455335
South Cambie,2018,1,4,8091,4.9437646768013845
South Cambie,2018,2,5,8091,6.17970584600173
South Cambie,2018,3,5,8091,6.17970584600173
South Cambie,2018,4,5,8091,6.17970584600173
South Cambie,2018,5,9,8091,11.123470522803114
South Cambie,2018,6,6,8091,7.415647015202076
South Cambie,2018,7,3,8091,3.707823507601038
South Cambie,2018,8,3,8091,3.707823507601038
South Cambie,2018,9,5,8091,6.17970584600173
South Cambie,2018,10,5,8091,6.17970584600173
South Cambie,2018,11,4,8091,4.9437646768013845
South Cambie,2018,12,4,8091,4.9437646768013845
Strathcona,2018,1,54,12757,42.32970134044054
Strathcona,2018,2,37,12757,29.003684251783334
Strathcona,2018,3,47,12757,36.8425178333464
Strathcona,2018,4,52,12757,40.761934624127925
Strathcona,2018,5,44,12757,34.49086775887748
Strathcona,2018,6,52,12757,40.761934624127925
Strathcona,2018,7,60,12757,47.033001489378385
Strathcona,2018,8,49,12757,38.41028454965901
Strathcona,2018,9,53,12757,41.545817982284234
Strathcona,2018,10,44,12757,34.49086775887748
Strathcona,2018,11,46,12757,36.05863447519009
Strathcona,2018,12,43,12757,33.706984400721176
Sunset,2018,1,11,36586,3.006614552014432
Sunset,2018,2,8,36586,2.1866287651014047
Sunset,2018,3,10,36586,2.733285956376756
Sunset,2018,4,8,36586,2.1866287651014047
Sunset,2018,5,20,36586,5.466571912753512
Sunset,2018,6,16,36586,4.373257530202809
Sunset,2018,7,8,36586,2.1866287651014047
Sunset,2018,8,21,36586,5.739900508391187
Sunset,2018,9,12,36586,3.2799431476521073
Sunset,2018,10,11,36586,3.006614552014432
Sunset,2018,11,24,36586,6.5598862953042145
Sunset,2018,12,17,36586,4.646586125840486
Victoria-Fraserview,2018,1,5,31208,1.6021532940271725
Victoria-Fraserview,2018,2,4,31208,1.281722635221738
Victoria-Fraserview,2018,3,18,31208,5.767751858497822
Victoria-Fraserview,2018,4,9,31208,2.883875929248911
Victoria-Fraserview,2018,5,15,31208,4.806459882081517
Victoria-Fraserview,2018,6,11,31208,3.5247372468597797
Victoria-Fraserview,2018,7,13,31208,4.165598564470648
Victoria-Fraserview,2018,8,12,31208,3.8451679056652144
Victoria-Fraserview,2018,9,11,31208,3.5247372468597797
Victoria-Fraserview,2018,10,5,31208,1.6021532940271725
Victoria-Fraserview,2018,11,12,31208,3.8451679056652144
Victoria-Fraserview,2018,12,10,31208,3.204306588054345
West End,2018,1,36,48307,7.452336100358126
West End,2018,2,39,48307,8.073364108721304
West End,2018,3,29,48307,6.003270747510713
West End,2018,4,30,48307,6.210280083631772
West End,2018,5,36,48307,7.452336100358126
West End,2018,6,34,48307,7.038317428116008
West End,2018,7,39,48307,8.073364108721304
West End,2018,8,45,48307,9.315420125447657
West End,2018,9,38,48307,7.8663547726002445
West End,2018,10,29,48307,6.003270747510713
West End,2018,11,34,48307,7.038317428116008
West End,2018,12,44,48307,9.1084107893266
West Point Grey,2018,1,12,13174,9.108850766661606
West Point Grey,2018,2,6,13174,4.554425383330803
West Point Grey,2018,3,10,13174,7.590708972218005
West Point Grey,2018,4,6,13174,4.554425383330803
West Point Grey,2018,5,4,13174,3.0362835888872017
West Point Grey,2018,6,4,13174,3.0362835888872017
West Point Grey,2018,7,1,13174,0.7590708972218004
West Point Grey,2018,8,4,13174,3.0362835888872017
West Point Grey,2018,9,13,13174,9.867921663883406
West Point Grey,2018,10,5,13174,3.7953544861090025
West Point Grey,2018,11,10,13174,7.590708972218005
West Point Grey,2018,12,11,13174,8.349779869439805
Arbutus Ridge,2019,1,5,14937,3.34739238133494
Arbutus Ridge,2019,2,6,14937,4.016870857601928
Arbutus Ridge,2019,3,8,14937,5.355827810135905
Arbutus Ridge,2019,4,5,14937,3.34739238133494
Arbutus Ridge,2019,5,7,14937,4.6863493338689155
Arbutus Ridge,2019,6,4,14937,2.6779139050679523
Arbutus Ridge,2019,7,4,14937,2.6779139050679523
Arbutus Ridge,2019,8,9,14937,6.025306286402892
Arbutus Ridge,2019,9,10,14937,6.69478476266988
Arbutus Ridge,2019,10,9,14937,6.025306286402892
Arbutus Ridge,2019,11,14,14937,9.372698667737831
Arbutus Ridge,2019,12,5,14937,3.34739238133494
Downtown,2019,1,94,66898,14.05124218960208
Downtown,2019,2,93,66898,13.901760889712698
Downtown,2019,3,104,66898,15.546055188495918
Downtown,2019,4,85,66898,12.705910490597628
Downtown,2019,5,124,66898,18.535681186283597
Downtown,2019,6,126,66898,18.83464378606236
Downtown,2019,7,136,66898,20.329456784956204
Downtown,2019,8,181,66898,27.056115279978474
Downtown,2019,9,145,66898,21.674788483960658
Downtown,2019,10,118,66898,17.63879338694729
Downtown,2019,11,120,66898,17.93775598672606
Downtown,2019,12,95,66898,14.200723489491464
Dunbar-Southlands,2019,1,3,21235,1.4127619496114905
Dunbar-Southlands,2019,2,5,21235,2.354603249352484
Dunbar-Southlands,2019,3,1,21235,0.4709206498704968
Dunbar-Southlands,2019,4,5,21235,2.354603249352484
Dunbar-Southlands,2019,5,12,21235,5.651047798445962
Dunbar-Southlands,2019,6,7,21235,3.296444549093478
Dunbar-Southlands,2019,7,5,21235,2.354603249352484
Dunbar-Southlands,2019,8,10,21235,4.709206498704968
Dunbar-Southlands,2019,9,9,21235,4.2382858488344715
Dunbar-Southlands,2019,10,6,21235,2.825523899222981
Dunbar-Southlands,2019,11,12,21235,5.651047798445962
Dunbar-Southlands,2019,12,13,21235,6.121968448316459
Fairview,2019,1,14,34996,4.000457195108012
Fairview,2019,2,16,34996,4.571951080123442
Fairview,2019,3,19,34996,5.429191907646588
Fairview,2019,4,18,34996,5.143444965138873
Fairview,2019,5,9,34996,2.5717224825694367
Fairview,2019,6,11,34996,3.143216367584867
Fairview,2019,7,17,34996,4.857698022631158
Fairview,2019,8,15,34996,4.286204137615727
Fairview,2019,9,16,34996,4.571951080123442
Fairview,2019,10,18,34996,5.143444965138873
Fairview,2019,11,12,34996,3.428963310092582
Fairview,2019,12,16,34996,4.571951080123442
Grandview-Woodland,2019,1,36,30357,11.858879335902756
Grandview-Woodland,2019,2,25,30357,8.235332872154693
Grandview-Woodland,2019,3,36,30357,11.858879335902756
Grandview-Woodland,2019,4,19,30357,6.258852982837566
Grandview-Woodland,2019,5,33,30357,10.870639391244193
Grandview-Woodland,2019,6,28,30357,9.223572816813256
Grandview-Woodland,2019,7,26,30357,8.56474618704088
Grandview-Woodland,2019,8,26,30357,8.56474618704088
Grandview-Woodland,2019,9,33,30357,10.870639391244193
Grandview-Woodland,2019,10,39,30357,12.84711928056132
Grandview-Woodland,2019,11,20,30357,6.588266297723753
Grandview-Woodland,2019,12,20,30357,6.588266297723753
Hastings-Sunrise,2019,1,14,34930,4.008016032064128
Hastings-Sunrise,2019,2,18,34930,5.153163469796737
Hastings-Sunrise,2019,3,8,34930,2.290294875465216
Hastings-Sunrise,2019,4,10,34930,2.8628685943315197
Hastings-Sunrise,2019,5,16,34930,4.580589750930432
Hastings-Sunrise,2019,6,19,34930,5.439450329229889
Hastings-Sunrise,2019,7,29,34930,8.302318923561408
Hastings-Sunrise,2019,8,23,34930,6.584597766962497
Hastings-Sunrise,2019,9,23,34930,6.584597766962497
Hastings-Sunrise,2019,10,24,34930,6.8708846263956485
Hastings-Sunrise,2019,11,36,34930,10.306326939593474
Hastings-Sunrise,2019,12,19,34930,5.439450329229889
Kensington-Cedar Cottage,2019,1,11,50472,2.179426216516088
Kensington-Cedar Cottage,2019,2,14,50472,2.7738151846568395
Kensington-Cedar Cottage,2019,3,20,50472,3.962593120938342
Kensington-Cedar Cottage,2019,4,26,50472,5.151371057219845
Kensington-Cedar Cottage,2019,5,31,50472,6.14201933745443
Kensington-Cedar Cottage,2019,6,16,50472,3.1700744967506735
Kensington-Cedar Cottage,2019,7,27,50472,5.349500713266762
Kensington-Cedar Cottage,2019,8,27,50472,5.349500713266762
Kensington-Cedar Cottage,2019,9,19,50472,3.764463464891425
Kensington-Cedar Cottage,2019,10,29,50472,5.745760025360596
Kensington-Cedar Cottage,2019,11,27,50472,5.349500713266762
Kensington-Cedar Cottage,2019,12,26,50472,5.151371057219845
Kerrisdale,2019,1,11,13537,8.125877225382286
Kerrisdale,2019,2,8,13537,5.909728891187116
Kerrisdale,2019,3,10,13537,7.387161113983896
Kerrisdale,2019,4,7,13537,5.171012779788727
Kerrisdale,2019,5,3,13537,2.216148334195169
Kerrisdale,2019,6,7,13537,5.171012779788727
Kerrisdale,2019,7,12,13537,8.864593336780676
Kerrisdale,2019,8,13,13537,9.603309448179065
Kerrisdale,2019,9,18,13537,13.296890005171013
Kerrisdale,2019,10,14,13537,10.342025559577454
Kerrisdale,2019,11,11,13537,8.125877225382286
Kerrisdale,2019,12,10,13537,7.387161113983896
Killarney,2019,1,8,29862,2.6789900207621726
Killarney,2019,2,11,29862,3.6836112785479873
Killarney,2019,3,13,29862,4.35335878373853
Killarney,2019,4,5,29862,1.674368762976358
Killarney,2019,5,4,29862,1.3394950103810863
Killarney,2019,6,17,29862,5.692853794119617
Killarney,2019,7,4,29862,1.3394950103810863
Killarney,2019,8,10,29862,3.348737525952716
Killarney,2019,9,3,29862,1.004621257785815
Killarney,2019,10,10,29862,3.348737525952716
Killarney,2019,11,5,29862,1.674368762976358
Killarney,2019,12,9,29862,3.013863773357444
Kitsilano,2019,1,12,44079,2.7223848090927656
Kitsilano,2019,2,13,44079,2.9492502098504954
Kitsilano,2019,3,13,44079,2.9492502098504954
Kitsilano,2019,4,17,44079,3.8567118128814175
Kitsilano,2019,5,17,44079,3.8567118128814175
Kitsilano,2019,6,18,44079,4.083577213639147
Kitsilano,2019,7,20,44079,4.537308015154609
Kitsilano,2019,8,16,44079,3.629846412123687
Kitsilano,2019,9,19,44079,4.310442614396878
Kitsilano,2019,10,22,44079,4.99103881667007
Kitsilano,2019,11,18,44079,4.083577213639147
Kitsilano,2019,12,21,44079,4.764173415912339
Marpole,2019,1,12,24842,4.8305289429192495
Marpole,2019,2,18,24842,7.245793414378874
Marpole,2019,3,14,24842,5.635617100072458
Marpole,2019,4,12,24842,4.8305289429192495
Marpole,2019,5,15,24842,6.038161178649061
Marpole,2019,6,15,24842,6.038161178649061
Marpole,2019,7,18,24842,7.245793414378874
Marpole,2019,8,20,24842,8.050881571532083
Marpole,2019,9,19,24842,7.648337492955478
Marpole,2019,10,20,24842,8.050881571532083
Marpole,2019,11,18,24842,7.245793414378874
Marpole,2019,12,26,24842,10.466146042991708
Mount Pleasant,2019,1,11,37645,2.9220347987780584
Mount Pleasant,2019,2,16,37645,4.250232434586266
Mount Pleasant,2019,3,13,37645,3.4533138531013416
Mount Pleasant,2019,4,16,37645,4.250232434586266
Mount Pleasant,2019,5,31,37645,8.234825342010891
Mount Pleasant,2019,6,27,37645,7.172267233364325
Mount Pleasant,2019,7,34,37645,9.031743923495815
Mount Pleasant,2019,8,36,37645,9.563022977819099
Mount Pleasant,2019,9,22,37645,5.844069597556117
Mount Pleasant,2019,10,15,37645,3.984592907424625
Mount Pleasant,2019,11,26,37645,6.906627706202683
Mount Pleasant,2019,12,27,37645,7.172267233364325
Oakridge,2019,1,8,13397,5.971486153616482
Oakridge,2019,2,6,13397,4.4786146152123605
Oakridge,2019,3,11,13397,8.210793461222663
Oakridge,2019,4,13,13397,9.703664999626781
Oakridge,2019,5,12,13397,8.957229230424721
Oakridge,2019,6,13,13397,9.703664999626781
Oakridge,2019,7,6,13397,4.4786146152123605
Oakridge,2019,8,13,13397,9.703664999626781
Oakridge,2019,9,9,13397,6.717921922818541
Oakridge,2019,10,14,13397,10.450100768828843
Oakridge,2019,11,11,13397,8.210793461222663
Oakridge,2019,12,9,13397,6.717921922818541
Renfrew-Collingwood,2019,1,32,52154,6.1356751160026075
Renfrew-Collingwood,2019,2,19,52154,3.643057100126548
Renfrew-Collingwood,2019,3,24,52154,4.601756337001956
Renfrew-Collingwood,2019,4,25,52154,4.793496184377037
Renfrew-Collingwood,2019,5,27,52154,5.1769758791272
Renfrew-Collingwood,2019,6,9,52154,1.7256586263757334
Renfrew-Collingwood,2019,7,21,52154,4.026536794876711
Renfrew-Collingwood,2019,8,16,52154,3.0678375580013038
Renfrew-Collingwood,2019,9,29,52154,5.5604555738773636
Renfrew-Collingwood,2019,10,26,52154,4.985236031752119
Renfrew-Collingwood,2019,11,21,52154,4.026536794876711
Renfrew-Collingwood,2019,12,20,52154,3.83479694750163
Riley Park,2019,1,11,23023,4.777830864787386
Riley Park,2019,2,11,23023,4.777830864787386
Riley Park,2019,3,12,23023,5.212179125222604
Riley Park,2019,4,11,23023,4.777830864787386
Riley Park,2019,5,16,23023,6.949572166963471
Riley Park,2019,6,14,23023,6.0808756460930375
Riley Park,2019,7,14,23023,6.0808756460930375
Riley Park,2019,8,12,23023,5.212179125222604
Riley Park,2019,9,13,23023,5.64652738565782
Riley Park,2019,10,13,23023,5.64652738565782
Riley Park,2019,11,12,23023,5.212179125222604
Riley Park,2019,12,22,23023,9.555661729574773
Shaughnessy,2019,1,11,8212,13.395031660983925
Shaughnessy,2019,2,10,8212,12.177301509985387
Shaughnessy,2019,3,6,8212,7.306380905991232
Shaughnessy,2019,4,6,8212,7.306380905991232
Shaughnessy,2019,5,13,8212,15.830491962981004
Shaughnessy,2019,6,4,8212,4.870920603994155
Shaughnessy,2019,7,10,8212,12.177301509985387
Shaughnessy,2019,8,13,8212,15.830491962981004
Shaughnessy,2019,9,10,8212,12.177301509985387
Shaughnessy,2019,10,13,8212,15.830491962981004
Shaughnessy,2019,11,12,8212,14.612761811982464
Shaughnessy,2019,12,8,8212,9.74184120798831
South Cambie,2019,1,3,8152,3.680078508341511
South Cambie,2019,2,3,8152,3.680078508341511
South Cambie,2019,3,4,8152,4.906771344455348
South Cambie,2019,4,5,8152,6.133464180569185
South Cambie,2019,5,5,8152,6.133464180569185
South Cambie,2019,6,5,8152,6.133464180569185
South Cambie,2019,7,7,8152,8.58684985279686
South Cambie,2019,8,5,8152,6.133464180569185
South Cambie,2019,9,6,8152,7.360157016683022
South Cambie,2019,10,12,8152,14.720314033366044
South Cambie,2019,11,9,8152,11.040235525024535
South Cambie,2019,12,6,8152,7.360157016683022
Strathcona,2019,1,39,12843,30.36673674375146
Strathcona,2019,2,45,12843,35.0385423966363
Strathcona,2019,3,40,12843,31.145371019232265
Strathcona,2019,4,58,12843,45.160787977886784
Strathcona,2019,5,58,12843,45.160787977886784
Strathcona,2019,6,60,12843,46.7180565288484
Strathcona,2019,7,65,12843,50.61122790625244
Strathcona,2019,8,70,12843,54.50439928365647
Strathcona,2019,9,66,12843,51.38986218173324
Strathcona,2019,10,67,12843,52.16849645721404
Strathcona,2019,11,52,12843,40.48898232500195
Strathcona,2019,12,55,12843,42.82488515144437
Sunset,2019,1,10,36629,2.7300772611864916
Sunset,2019,2,5,36629,1.3650386305932458
Sunset,2019,3,11,36629,3.0030849873051406
Sunset,2019,4,18,36629,4.914139070135685
Sunset,2019,5,13,36629,3.549100439542439
Sunset,2019,6,12,36629,3.27609271342379
Sunset,2019,7,10,36629,2.7300772611864916
Sunset,2019,8,19,36629,5.187146796254334
Sunset,2019,9,19,36629,5.187146796254334
Sunset,2019,10,17,36629,4.641131344017036
Sunset,2019,11,7,36629,1.911054082830544
Sunset,2019,12,21,36629,5.733162248491632
Victoria-Fraserview,2019,1,6,31279,1.9182198919402793
Victoria-Fraserview,2019,2,6,31279,1.9182198919402793
Victoria-Fraserview,2019,3,9,31279,2.8773298379104193
Victoria-Fraserview,2019,4,9,31279,2.8773298379104193
Victoria-Fraserview,2019,5,6,31279,1.9182198919402793
Victoria-Fraserview,2019,6,9,31279,2.8773298379104193
Victoria-Fraserview,2019,7,8,31279,2.557626522587039
Victoria-Fraserview,2019,8,7,31279,2.2379232072636595
Victoria-Fraserview,2019,9,16,31279,5.115253045174078
Victoria-Fraserview,2019,10,12,31279,3.8364397838805586
Victoria-Fraserview,2019,11,7,31279,2.2379232072636595
Victoria-Fraserview,2019,12,14,31279,4.475846414527319
West End,2019,1,43,48871,8.798674060281149
West End,2019,2,31,48871,6.343230136481758
West End,2019,3,38,48871,7.775572425364736
West End,2019,4,41,48871,8.389433406314584
West End,2019,5,37,48871,7.5709520983814524
West End,2019,6,41,48871,8.389433406314584
West End,2019,7,39,48871,7.980192752348018
West End,2019,8,54,48871,11.049497657097257
West End,2019,9,35,48871,7.161711444414888
West End,2019,10,41,48871,8.389433406314584
West End,2019,11,34,48871,6.957091117431606
West End,2019,12,36,48871,7.36633177139817
West Point Grey,2019,1,6,13229,4.535490210900295
West Point Grey,2019,2,5,13229,3.779575175750246
West Point Grey,2019,3,3,13229,2.2677451054501474
West Point Grey,2019,4,4,13229,3.023660140600197
West Point Grey,2019,5,1,13229,0.7559150351500492
West Point Grey,2019,6,5,13229,3.779575175750246
West Point Grey,2019,7,5,13229,3.779575175750246
West Point Grey,2019,8,10,13229,7.559150351500492
West Point Grey,2019,9,9,13229,6.803235316350442
West Point Grey,2019,10,9,13229,6.803235316350442
West Point Grey,2019,11,11,13229,8.31506538665054
West Point Grey,2019,12,11,13229,8.31506538665054
Arbutus Ridge,2020,1,9,14820,6.0728744939271255
Arbutus Ridge,2020,2,8,14820,5.398110661268555
Arbutus Ridge,2020,3,7,14820,4.723346828609986
Arbutus Ridge,2020,4,8,14820,5.398110661268555
Arbutus Ridge,2020,5,5,14820,3.3738191632928474
Arbutus Ridge,2020,6,21,14820,14.170040485829961
Arbutus Ridge,2020,7,11,14820,7.422402159244265
Arbutus Ridge,2020,8,8,14820,5.398110661268555
Arbutus Ridge,2020,9,8,14820,5.398110661268555
Arbutus Ridge,2020,10,4,14820,2.6990553306342777
Arbutus Ridge,2020,11,3,14820,2.0242914979757085
Arbutus Ridge,2020,12,12,14820,8.097165991902834
Downtown,2020,1,131,68605,19.09481816194155
Downtown,2020,2,100,68605,14.576197070184389
Downtown,2020,3,141,68605,20.552437868959988
Downtown,2020,4,107,68605,15.596530865097295
Downtown,2020,5,104,68605,15.159244952991765
Downtown,2020,6,104,68605,15.159244952991765
Downtown,2020,7,120,68605,17.491436484221268
Downtown,2020,8,132,68605,19.24058013264339
Downtown,2020,9,123,68605,17.928722396326798
Downtown,2020,10,121,68605,17.637198454923112
Downtown,2020,11,112,68605,16.325340718606515
Downtown,2020,12,96,68605,13.993149187377014
Dunbar-Southlands,2020,1,19,21172,8.974116757982241
Dunbar-Southlands,2020,2,4,21172,1.889287738522577
Dunbar-Southlands,2020,3,6,21172,2.833931607783865
Dunbar-Southlands,2020,4,11,21172,5.1955412809370864
Dunbar-Southlands,2020,5,9,21172,4.2508974116757985
Dunbar-Southlands,2020,6,10,21172,4.7232193463064425
Dunbar-Southlands,2020,7,7,21172,3.3062535424145096
Dunbar-Southlands,2020,8,7,21172,3.3062535424145096
Dunbar-Southlands,2020,9,10,21172,4.7232193463064425
Dunbar-Southlands,2020,10,9,21172,4.2508974116757985
Dunbar-Southlands,2020,11,7,21172,3.3062535424145096
Dunbar-Southlands,2020,12,10,21172,4.7232193463064425
Fairview,2020,1,17,35467,4.793188033947049
Fairview,2020,2,11,35467,3.101474610201032
Fairview,2020,3,17,35467,4.793188033947049
Fairview,2020,4,13,35467,3.6653790847830376
Fairview,2020,5,8,35467,2.255617898328023
Fairview,2020,6,7,35467,1.9736656610370205
Fairview,2020,7,35,35467,9.8683283051851
Fairview,2020,8,20,35467,5.639044745820058
Fairview,2020,9,13,35467,3.6653790847830376
Fairview,2020,10,9,35467,2.537570135619026
Fairview,2020,11,20,35467,5.639044745820058
Fairview,2020,12,15,35467,4.229283559365044
Grandview-Woodland,2020,1,31,30762,10.077368181522658
Grandview-Woodland,2020,2,35,30762,11.377673753332033
Grandview-Woodland,2020,3,33,30762,10.727520967427347
Grandview-Woodland,2020,4,27,30762,8.777062609713282
Grandview-Woodland,2020,5,31,30762,10.077368181522658
Grandview-Woodland,2020,6,30,30762,9.752291788570314
Grandview-Woodland,2020,7,44,30762,14.303361289903128
Grandview-Woodland,2020,8,20,30762,6.501527859046876
Grandview-Woodland,2020,9,31,30762,10.077368181522658
Grandview-Woodland,2020,10,19,30762,6.176451466094532
Grandview-Woodland,2020,11,30,30762,9.752291788570314
Grandview-Woodland,2020,12,22,30762,7.151680644951564
Hastings-Sunrise,2020,1,21,35050,5.991440798858774
Hastings-Sunrise,2020,2,21,35050,5.991440798858774
Hastings-Sunrise,2020,3,24,35050,6.847360912981455
Hastings-Sunrise,2020,4,20,35050,5.706134094151213
Hastings-Sunrise,2020,5,11,35050,3.1383737517831674
Hastings-Sunrise,2020,6,19,35050,5.420827389443652
Hastings-Sunrise,2020,7,9,35050,2.5677603423680457
Hastings-Sunrise,2020,8,17,35050,4.850213980028531
Hastings-Sunrise,2020,9,11,35050,3.1383737517831674
Hastings-Sunrise,2020,10,24,35050,6.847360912981455
Hastings-Sunrise,2020,11,11,35050,3.1383737517831674
Hastings-Sunrise,2020,12,21,35050,5.991440798858774
Kensington-Cedar Cottage,2020,1,26,50861,5.111971844831993
Kensington-Cedar Cottage,2020,2,20,50861,3.932286034486148
Kensington-Cedar Cottage,2020,3,23,50861,4.522128939659071
Kensington-Cedar Cottage,2020,4,30,50861,5.898429051729224
Kensington-Cedar Cottage,2020,5,24,50861,4.718743241383378
Kensington-Cedar Cottage,2020,6,19,50861,3.735671732761841
Kensington-Cedar Cottage,2020,7,27,50861,5.3085861465563005
Kensington-Cedar Cottage,2020,8,16,50861,3.145828827588919
Kensington-Cedar Cottage,2020,9,21,50861,4.128900336210456
Kensington-Cedar Cottage,2020,10,21,50861,4.128900336210456
Kensington-Cedar Cottage,2020,11,14,50861,2.7526002241403043
Kensington-Cedar Cottage,2020,12,22,50861,4.325514637934763
Kerrisdale,2020,1,7,13395,5.225830533781262
Kerrisdale,2020,2,12,13395,8.958566629339305
Kerrisdale,2020,3,9,13395,6.718924972004479
Kerrisdale,2020,4,3,13395,2.2396416573348263
Kerrisdale,2020,5,8,13395,5.97237775289287
Kerrisdale,2020,6,8,13395,5.97237775289287
Kerrisdale,2020,7,6,13395,4.479283314669653
Kerrisdale,2020,8,7,13395,5.225830533781262
Kerrisdale,2020,9,15,13395,11.198208286674133
Kerrisdale,2020,10,5,13395,3.732736095558044
Kerrisdale,2020,11,5,13395,3.732736095558044
Kerrisdale,2020,12,5,13395,3.732736095558044
Killarney,2020,1,10,30044,3.328451604313673
Killarney,2020,2,9,30044,2.995606443882306
Killarney,2020,3,4,30044,1.3313806417254692
Killarney,2020,4,2,30044,0.6656903208627346
Killarney,2020,5,15,30044,4.99267740647051
Killarney,2020,6,6,30044,1.997070962588204
Killarney,2020,7,8,30044,2.6627612834509384
Killarney,2020,8,13,30044,4.326987085607775
Killarney,2020,9,11,30044,3.6612967647450403
Killarney,2020,10,12,30044,3.994141925176408
Killarney,2020,11,4,30044,1.3313806417254692
Killarney,2020,12,4,30044,1.3313806417254692
Kitsilano,2020,1,18,44429,4.051407864232821
Kitsilano,2020,2,11,44429,2.475860361475613
Kitsilano,2020,3,17,44429,3.8263296495532195
Kitsilano,2020,4,17,44429,3.8263296495532195
Kitsilano,2020,5,16,44429,3.6012514348736184
Kitsilano,2020,6,22,44429,4.951720722951226
Kitsilano,2020,7,37,44429,8.327893943145243
Kitsilano,2020,8,21,44429,4.726642508271625
Kitsilano,2020,9,15,44429,3.3761732201940173
Kitsilano,2020,10,20,44429,4.501564293592024
Kitsilano,2020,11,14,44429,3.1510950055144167
Kitsilano,2020,12,15,44429,3.3761732201940173
Marpole,2020,1,17,24971,6.807897160706419
Marpole,2020,2,12,24971,4.805574466381002
Marpole,2020,3,10,24971,4.004645388650835
Marpole,2020,4,11,24971,4.405109927515919
Marpole,2020,5,10,24971,4.004645388650835
Marpole,2020,6,13,24971,5.206039005246086
Marpole,2020,7,6,24971,2.402787233190501
Marpole,2020,8,14,24971,5.606503544111169
Marpole,2020,9,18,24971,7.208361699571503
Marpole,2020,10,24,24971,9.611148932762005
Marpole,2020,11,12,24971,4.805574466381002
Marpole,2020,12,14,24971,5.606503544111169
Mount Pleasant,2020,1,29,39352,7.369384021142509
Mount Pleasant,2020,2,29,39352,7.369384021142509
Mount Pleasant,2020,3,23,39352,5.844683878837162
Mount Pleasant,2020,4,18,39352,4.57410042691604
Mount Pleasant,2020,5,21,39352,5.3364504980687135
Mount Pleasant,2020,6,13,39352,3.3035169749949174
Mount Pleasant,2020,7,25,39352,6.3529172596056105
Mount Pleasant,2020,8,34,39352,8.639967473063631
Mount Pleasant,2020,9,24,39352,6.098800569221387
Mount Pleasant,2020,10,26,39352,6.607033949989835
Mount Pleasant,2020,11,16,39352,4.0658670461475905
Mount Pleasant,2020,12,21,39352,5.3364504980687135
Oakridge,2020,1,9,13522,6.655820144948972
Oakridge,2020,2,5,13522,3.6976778583049845
Oakridge,2020,3,11,13522,8.134891288270966
Oakridge,2020,4,10,13522,7.395355716609969
Oakridge,2020,5,3,13522,2.218606714982991
Oakridge,2020,6,6,13522,4.437213429965982
Oakridge,2020,7,10,13522,7.395355716609969
Oakridge,2020,8,8,13522,5.916284573287975
Oakridge,2020,9,8,13522,5.916284573287975
Oakridge,2020,10,11,13522,8.134891288270966
Oakridge,2020,11,9,13522,6.655820144948972
Oakridge,2020,12,13,13522,9.61396243159296
Renfrew-Collingwood,2020,1,18,52364,3.4374761286379956
Renfrew-Collingwood,2020,2,13,52364,2.4826216484607744
Renfrew-Collingwood,2020,3,21,52364,4.010388816744328
Renfrew-Collingwood,2020,4,29,52364,5.538155985027881
Renfrew-Collingwood,2020,5,16,52364,3.0555343365671073
Renfrew-Collingwood,2020,6,24,52364,4.583301504850661
Renfrew-Collingwood,2020,7,20,52364,3.819417920708884
Renfrew-Collingwood,2020,8,31,52364,5.9200977770987695
Renfrew-Collingwood,2020,9,20,52364,3.819417920708884
Renfrew-Collingwood,2020,10,17,52364,3.246505232602551
Renfrew-Collingwood,2020,11,21,52364,4.010388816744328
Renfrew-Collingwood,2020,12,6,52364,1.1458253762126653
Riley Park,2020,1,17,23182,7.333275817444569
Riley Park,2020,2,18,23182,7.764644983176603
Riley Park,2020,3,22,23182,9.490121646104736
Riley Park,2020,4,15,23182,6.470537485980501
Riley Park,2020,5,17,23182,7.333275817444569
Riley Park,2020,6,13,23182,5.607799154516435
Riley Park,2020,7,11,23182,4.745060823052368
Riley Park,2020,8,9,23182,3.8823224915883014
Riley Park,2020,9,11,23182,4.745060823052368
Riley Park,2020,10,10,23182,4.3136916573203345
Riley Park,2020,11,18,23182,7.764644983176603
Riley Park,2020,12,18,23182,7.764644983176603
Shaughnessy,2020,1,19,8141,23.33865618474389
Shaughnessy,2020,2,6,8141,7.370101953077017
Shaughnessy,2020,3,7,8141,8.598452278589853
Shaughnessy,2020,4,11,8141,13.5118535806412
Shaughnessy,2020,5,10,8141,12.283503255128362
Shaughnessy,2020,6,15,8141,18.425254882692546
Shaughnessy,2020,7,18,8141,22.110305859231055
Shaughnessy,2020,8,15,8141,18.425254882692546
Shaughnessy,2020,9,15,8141,18.425254882692546
Shaughnessy,2020,10,10,8141,12.283503255128362
Shaughnessy,2020,11,9,8141,11.055152929615527
Shaughnessy,2020,12,12,8141,14.740203906154035
South Cambie,2020,1,8,8214,9.739469198928658
South Cambie,2020,2,8,8214,9.739469198928658
South Cambie,2020,3,9,8214,10.95690284879474
South Cambie,2020,4,7,8214,8.522035549062576
South Cambie,2020,5,4,8214,4.869734599464329
South Cambie,2020,6,7,8214,8.522035549062576
South Cambie,2020,7,9,8214,10.95690284879474
South Cambie,2020,8,10,8214,12.174336498660823
South Cambie,2020,9,6,8214,7.304601899196494
South Cambie,2020,10,4,8214,4.869734599464329
South Cambie,2020,11,6,8214,7.304601899196494
South Cambie,2020,12,12,8214,14.609203798392988
Strathcona,2020,1,62,12931,47.9467945247854
Strathcona,2020,2,59,12931,45.62678833810224
Strathcona,2020,3,54,12931,41.76011136029697
Strathcona,2020,4,67,12931,51.81347150259067
Strathcona,2020,5,53,12931,40.986775964735905
Strathcona,2020,6,55,12931,42.533446755858016
Strathcona,2020,7,60,12931,46.40012373366329
Strathcona,2020,8,65,12931,50.26680071146856
Strathcona,2020,9,70,12931,54.13347768927384
Strathcona,2020,10,55,12931,42.533446755858016
Strathcona,2020,11,41,12931,31.70675121800325
Strathcona,2020,12,68,12931,52.58680689815173
Sunset,2020,1,11,36672,2.99956369982548
Sunset,2020,2,8,36672,2.181500872600349
Sunset,2020,3,14,36672,3.817626527050611
Sunset,2020,4,10,36672,2.7268760907504364
Sunset,2020,5,18,36672,4.908376963350785
Sunset,2020,6,10,36672,2.7268760907504364
Sunset,2020,7,13,36672,3.544938917975567
Sunset,2020,8,15,36672,4.090314136125654
Sunset,2020,9,13,36672,3.544938917975567
Sunset,2020,10,13,36672,3.544938917975567
Sunset,2020,11,11,36672,2.99956369982548
Sunset,2020,12,7,36672,1.9088132635253054
Victoria-Fraserview,2020,1,13,31351,4.146598194634939
Victoria-Fraserview,2020,2,10,31351,3.1896909189499536
Victoria-Fraserview,2020,3,12,31351,3.8276291027399445
Victoria-Fraserview,2020,4,7,31351,2.232783643264968
Victoria-Fraserview,2020,5,7,31351,2.232783643264968
Victoria-Fraserview,2020,6,7,31351,2.232783643264968
Victoria-Fraserview,2020,7,1,31351,0.3189690918949954
Victoria-Fraserview,2020,8,9,31351,2.8707218270549584
Victoria-Fraserview,2020,9,10,31351,3.1896909189499536
Victoria-Fraserview,2020,10,9,31351,2.8707218270549584
Victoria-Fraserview,2020,11,3,31351,0.9569072756849861
Victoria-Fraserview,2020,12,6,31351,1.9138145513699722
West End,2020,1,34,49441,6.876883558180457
West End,2020,2,34,49441,6.876883558180457
West End,2020,3,39,49441,7.888189963795231
West End,2020,4,33,49441,6.6746222770575026
West End,2020,5,50,49441,10.113064056147731
West End,2020,6,48,49441,9.708541493901823
West End,2020,7,51,49441,10.315325337270686
West End,2020,8,41,49441,8.29271252604114
West End,2020,9,58,49441,11.731154305131367
West End,2020,10,31,49441,6.270099714811594
West End,2020,11,32,49441,6.472360995934548
West End,2020,12,47,49441,9.506280212778869
West Point Grey,2020,1,8,13285,6.0218291305984195
West Point Grey,2020,2,10,13285,7.527286413248024
West Point Grey,2020,3,12,13285,9.03274369589763
West Point Grey,2020,4,6,13285,4.516371847948815
West Point Grey,2020,5,15,13285,11.290929619872037
West Point Grey,2020,6,8,13285,6.0218291305984195
West Point Grey,2020,7,10,13285,7.527286413248024
West Point Grey,2020,8,9,13285,6.774557771923222
West Point Grey,2020,9,17,13285,12.796386902521641
West Point Grey,2020,10,8,13285,6.0218291305984195
West Point Grey,2020,11,10,13285,7.527286413248024
West Point Grey,2020,12,7,13285,5.269100489273617
